model,CV_RMSE_mean,CV_RMSE_std,CV_MAE_mean,CV_R2_mean,Train_RMSE_mean,Train_CV_gap_RMSE,training_time_sec,engineered,scaler
Extra Trees raw,0.6836428068418596,0.005072222777678529,0.5235113826232247,0.3958899299115987,0.0,0.6836428068418596,3.3364704999839887,False,none
Extra Trees engineered,0.6849419950673604,0.002889223773867193,0.5232315162907268,0.3935995364610744,0.0,0.6849419950673604,3.1937150999438018,True,none
Random Forest engineered,0.6860419673808215,0.003595516974784168,0.5280330290010741,0.39164420287112267,0.2534541664896686,0.43258780089115284,2.3761782000074163,True,none
Random Forest raw,0.6862108289775305,0.003381089948595986,0.5286029806659506,0.3913509445823487,0.2544852896462129,0.4317255393313176,4.077943900017999,False,none
XGBoost engineered,0.6957268873985747,0.00418849238069061,0.5406155288219452,0.3743511885404587,0.5589258748624407,0.13680101253613397,1.7104434999637306,True,none
XGBoost raw,0.6963794347043448,0.0030518475342861,0.540007010102272,0.37318336963653564,0.5800533143367739,0.11632612036757095,1.4361151000484824,False,none
GradientBoosting raw,0.6996069571139615,0.003778502583476976,0.5420123178969485,0.3673517574030746,0.5806801535090456,0.11892680360491592,6.703000699984841,False,none
LightGBM raw,0.7024331888053263,0.005895255722623573,0.540130721220279,0.36221863335911053,0.26903819166762866,0.4333949971376977,5.9716792000690475,False,none
LightGBM engineered,0.7041551474107127,0.007801897010847706,0.5452906923925294,0.35906168365229285,0.22008588714507588,0.48406926026563685,5.664510700036772,True,none
HistGradientBoosting raw,0.7096745178904376,0.006794258965024483,0.5454069415638012,0.34899421123321817,0.2835946221227518,0.42607989576768573,5.758253499981947,False,none
HistGradientBoosting engineered,0.7115214439347234,0.007658923667571676,0.549830706711254,0.3455870822561801,0.2345906317282817,0.4769308122064417,6.833179099950939,True,none
Ridge engineered,0.7228053441907152,0.014226872051170366,0.559462225520852,0.3245350617467119,0.7147965158082566,0.008008828382458533,0.067483099992387,True,standard
Ridge raw,0.7342355509426908,0.014440470417739227,0.5655377635395092,0.30299848167168497,0.7301260652187351,0.0041094857239556415,0.07827689999248832,False,standard
ElasticNet raw,0.7343135357999218,0.01442089839935294,0.5656241564632181,0.3028510229490662,0.7301340166086868,0.004179519191234937,0.05649069999344647,False,standard
Linear Regression raw,0.7345420945025387,0.014835506101369413,0.5656155569948824,0.30240638326894465,0.7301032756568623,0.004438818845676429,0.05089610000140965,False,standard
Dummy mean baseline,0.87958766657439,0.000711117120344724,0.6947370187687263,-8.496501987809157e-06,0.8795859892436838,1.6773307062178944e-06,0.04367619997356087,False,none
