feature,permutation_importance_rmse_increase,std
alcohol,0.16983610829726306,0.01185683973413981
volatile acidity,0.08297181476793551,0.00748096977539643
free sulfur dioxide,0.04799145780503023,0.004241804784853959
wine_type,0.044403651815263616,0.004659646660827021
sulphates,0.019532570514792662,0.002696010519280848
total sulfur dioxide,0.018735187313503616,0.002729598582267469
residual sugar,0.013756387423123073,0.002238881474589878
density,0.009702757121846298,0.0020280723213448783
chlorides,0.009387814134306024,0.0025768124089818657
citric acid,0.007256409344910536,0.002641214273339258
pH,0.007165100908090379,0.002749896879937937
fixed acidity,0.004123240680982632,0.0031608995975796277
