model,CV_RMSE_mean,CV_RMSE_std,CV_MAE_mean,CV_R2_mean,Train_RMSE_mean,Train_CV_gap_RMSE,training_time_sec,engineered,scaler,test_RMSE,test_MAE,test_R2
Tuned final extra_trees (raw features),0.6830152981349986,0.0045607700853527,0.5251711290465216,0.3970004638800448,0.182795585364124,0.5002197127708746,5.819697399972938,False,none,0.6803,0.5271,0.4024
Extra Trees raw,0.6836428068418596,0.0050722227776785,0.5235113826232247,0.3958899299115987,0.0,0.6836428068418596,3.3364704999839887,False,none,,,
Extra Trees engineered,0.6849419950673604,0.0028892237738671,0.5232315162907268,0.3935995364610744,0.0,0.6849419950673604,3.1937150999438018,True,none,,,
Random Forest engineered,0.6860419673808215,0.0035955169747841,0.5280330290010741,0.3916442028711226,0.2534541664896686,0.4325878008911528,2.3761782000074163,True,none,,,
Random Forest raw,0.6862108289775305,0.0033810899485959,0.5286029806659506,0.3913509445823487,0.2544852896462129,0.4317255393313176,4.077943900017999,False,none,,,
XGBoost engineered,0.6957268873985747,0.0041884923806906,0.5406155288219452,0.3743511885404587,0.5589258748624407,0.1368010125361339,1.7104434999637306,True,none,,,
XGBoost raw,0.6963794347043448,0.0030518475342861,0.540007010102272,0.3731833696365356,0.5800533143367739,0.1163261203675709,1.4361151000484824,False,none,,,
GradientBoosting raw,0.6996069571139615,0.0037785025834769,0.5420123178969485,0.3673517574030746,0.5806801535090456,0.1189268036049159,6.703000699984841,False,none,,,
LightGBM raw,0.7024331888053263,0.0058952557226235,0.540130721220279,0.3622186333591105,0.2690381916676286,0.4333949971376977,5.971679200069048,False,none,,,
LightGBM engineered,0.7041551474107127,0.0078018970108477,0.5452906923925294,0.3590616836522928,0.2200858871450758,0.4840692602656368,5.664510700036772,True,none,,,
HistGradientBoosting raw,0.7096745178904376,0.0067942589650244,0.5454069415638012,0.3489942112332181,0.2835946221227518,0.4260798957676857,5.758253499981947,False,none,,,
HistGradientBoosting engineered,0.7115214439347234,0.0076589236675716,0.549830706711254,0.3455870822561801,0.2345906317282817,0.4769308122064417,6.833179099950939,True,none,,,
Ridge engineered,0.7228053441907152,0.0142268720511703,0.559462225520852,0.3245350617467119,0.7147965158082566,0.0080088283824585,0.067483099992387,True,standard,,,
Ridge raw,0.7342355509426908,0.0144404704177392,0.5655377635395092,0.3029984816716849,0.7301260652187351,0.0041094857239556,0.0782768999924883,False,standard,,,
ElasticNet raw,0.7343135357999218,0.0144208983993529,0.5656241564632181,0.3028510229490662,0.7301340166086868,0.0041795191912349,0.0564906999934464,False,standard,,,
Linear Regression raw,0.7345420945025387,0.0148355061013694,0.5656155569948824,0.3024063832689446,0.7301032756568623,0.0044388188456764,0.0508961000014096,False,standard,,,
Dummy mean baseline,0.87958766657439,0.0007111171203447,0.6947370187687263,-8.496501987809157e-06,0.8795859892436838,1.6773307062178944e-06,0.0436761999735608,False,none,,,
