mean_fit_time,std_fit_time,mean_score_time,std_score_time,param_model__max_depth,param_model__max_features,param_model__min_samples_leaf,param_model__min_samples_split,param_model__n_estimators,params,split0_test_score,split1_test_score,split2_test_score,split3_test_score,mean_test_score,std_test_score,rank_test_score,split0_train_score,split1_train_score,split2_train_score,split3_train_score,mean_train_score,std_train_score
0.6696900129318237,0.02235121270284697,0.1343449354171753,0.009189955091004504,28,0.7469126002159203,1,5,874,"{'model__max_depth': 28, 'model__max_features': np.float64(0.7469126002159203), 'model__min_samples_leaf': 1, 'model__min_samples_split': 5, 'model__n_estimators': 874}",-0.6797732676163717,-0.6807123028283033,-0.6818372625828116,-0.6897383595125082,-0.6830152981349986,0.003949742754735622,1,-0.18439003440743476,-0.18206112123560705,-0.1829339262595146,-0.18179725955393955,-0.182795585364124,0.0010121138688915727
0.43530452251434326,0.016408139714462453,0.10953253507614136,0.004402641717777835,28,0.6875697602531636,1,4,408,"{'model__max_depth': 28, 'model__max_features': np.float64(0.6875697602531636), 'model__min_samples_leaf': 1, 'model__min_samples_split': 4, 'model__n_estimators': 408}",-0.6812463255606136,-0.6802982908466081,-0.6822970987973305,-0.6892445282395908,-0.6832715608610357,0.003520221165624909,2,-0.13241519157896534,-0.13040968728570515,-0.13188040361392417,-0.13085981892429357,-0.13139127535072206,0.0007958661889568533
0.5491243004798889,0.04152167960929587,0.14723420143127441,0.005179786874943575,28,0.7727131411151166,1,5,537,"{'model__max_depth': 28, 'model__max_features': np.float64(0.7727131411151166), 'model__min_samples_leaf': 1, 'model__min_samples_split': 5, 'model__n_estimators': 537}",-0.6806930547590461,-0.6835069571137705,-0.6832080055767537,-0.6910295407692868,-0.6846093895547143,0.003864429265437153,3,-0.1770720080633935,-0.17485978673748367,-0.17576013808175142,-0.17445494676115184,-0.1755367199109451,0.0010044273317469292
0.36638349294662476,0.01224518839278158,0.12015658617019653,0.0037807448694672486,20,0.6017995501123989,1,8,414,"{'model__max_depth': 20, 'model__max_features': np.float64(0.6017995501123989), 'model__min_samples_leaf': 1, 'model__min_samples_split': 8, 'model__n_estimators': 414}",-0.680302165850583,-0.6823369229689176,-0.684342837709052,-0.6919383128761217,-0.6847300598511686,0.004400062558552531,4,-0.33559918860277876,-0.33345764945809453,-0.33600378943333925,-0.3325162954424957,-0.33439423073417707,0.0014531369616801863
0.4232655167579651,0.04580372153263222,0.12380802631378174,0.012336035085085665,,0.7832779861295562,2,8,390,"{'model__max_depth': None, 'model__max_features': np.float64(0.7832779861295562), 'model__min_samples_leaf': 2, 'model__min_samples_split': 8, 'model__n_estimators': 390}",-0.6840379575053209,-0.6871833974301567,-0.6844384038238732,-0.6936536958351003,-0.6873283636486127,0.003847384918692491,5,-0.35992670577931346,-0.35715691141958955,-0.35769619458326907,-0.35569401300722536,-0.35761845619734933,0.0015207370386735857
0.7719136476516724,0.009627620381754135,0.24899661540985107,0.021943505446542517,20,0.6920838715567807,3,5,858,"{'model__max_depth': 20, 'model__max_features': np.float64(0.6920838715567807), 'model__min_samples_leaf': 3, 'model__min_samples_split': 5, 'model__n_estimators': 858}",-0.6850312262412854,-0.6874389507960031,-0.6873746335831639,-0.6941071755539975,-0.6884879965436125,0.0033861669973613874,6,-0.3921931569098084,-0.3914376838742113,-0.39255519499083064,-0.38921770460146754,-0.3913509350940795,0.0012959337532525083
0.24328339099884033,0.008663786799826968,0.057234227657318115,0.00415501950875271,,0.6606097811145845,3,7,354,"{'model__max_depth': None, 'model__max_features': np.float64(0.6606097811145845), 'model__min_samples_leaf': 3, 'model__min_samples_split': 7, 'model__n_estimators': 354}",-0.6847760686932691,-0.6893439844899361,-0.689351928549956,-0.6926215044625398,-0.6890233715489252,0.0027927085585758315,7,-0.4171538741689869,-0.4154368363808402,-0.4154066084411691,-0.4126309802847336,-0.4151570748189325,0.0016208712780658152
0.3476610779762268,0.019212212286110596,0.11909127235412598,0.013163247473066686,20,0.9728928685254539,3,9,370,"{'model__max_depth': 20, 'model__max_features': np.float64(0.9728928685254539), 'model__min_samples_leaf': 3, 'model__min_samples_split': 9, 'model__n_estimators': 370}",-0.6860117930592543,-0.6927311290658942,-0.6860520458000869,-0.6961622595937229,-0.6902393068797397,0.004378800495314401,8,-0.413485644021428,-0.4116949576982839,-0.4135320782799691,-0.40976435991720805,-0.4121192599792223,0.0015482770770604696
0.500331699848175,0.018194014129537188,0.17345207929611206,0.006848573803746046,16,0.9229672237049764,3,6,516,"{'model__max_depth': 16, 'model__max_features': np.float64(0.9229672237049764), 'model__min_samples_leaf': 3, 'model__min_samples_split': 6, 'model__n_estimators': 516}",-0.68700821849581,-0.6928875415012792,-0.6868394197139698,-0.6947196446388549,-0.6903637060874784,0.003500851227903821,9,-0.3893745530232211,-0.3900419294880571,-0.3926603440260493,-0.3867404994405934,-0.38970433149448025,0.0021062429095319007
0.6804932355880737,0.027799664560139624,0.11274677515029907,0.005724642028997505,28,0.8512833980859353,4,7,896,"{'model__max_depth': 28, 'model__max_features': np.float64(0.8512833980859353), 'model__min_samples_leaf': 4, 'model__min_samples_split': 7, 'model__n_estimators': 896}",-0.6883387703406149,-0.6932572946509756,-0.68905101186646,-0.6967859838952277,-0.6918582651883195,0.0034098097559799373,10,-0.45017354119989794,-0.44876321651576134,-0.44860872260250256,-0.44653832867214704,-0.44852095224757726,0.0012969427606901686
0.7210747599601746,0.022693834317160592,0.21156561374664307,0.02243943897860549,,0.9927878151302845,4,2,821,"{'model__max_depth': None, 'model__max_features': np.float64(0.9927878151302845), 'model__min_samples_leaf': 4, 'model__min_samples_split': 2, 'model__n_estimators': 821}",-0.6876945442657338,-0.6949558814553236,-0.6877284608292759,-0.6971210318142732,-0.6918749795911516,0.004233281161728037,11,-0.44240531307726777,-0.43988217406145125,-0.4404997554924788,-0.4379637850206999,-0.4401877569129744,0.0015854282002175624
0.57124263048172,0.014851358804082908,0.17546236515045166,0.004176608170998708,28,0.7806132564587649,4,4,658,"{'model__max_depth': 28, 'model__max_features': np.float64(0.7806132564587649), 'model__min_samples_leaf': 4, 'model__min_samples_split': 4, 'model__n_estimators': 658}",-0.6884863862991508,-0.6936047823093058,-0.6901898853509701,-0.6964414904439505,-0.6921806361008442,0.003073826698989361,12,-0.46048874298455245,-0.4588680715788952,-0.45846692469918193,-0.4560119169505362,-0.4584589140532914,0.0016027690384364803
0.6986863613128662,0.062104472705428806,0.21667009592056274,0.025636791830863138,16,0.9501262211433301,4,3,737,"{'model__max_depth': 16, 'model__max_features': np.float64(0.9501262211433301), 'model__min_samples_leaf': 4, 'model__min_samples_split': 3, 'model__n_estimators': 737}",-0.6890465573312888,-0.6955198285628658,-0.6892928778437216,-0.6972366709586193,-0.6927739836741238,0.003656058222182336,13,-0.45864517357468665,-0.4588397863286233,-0.46026440480851377,-0.4557212522431119,-0.45836765423873393,0.001650835541364089
0.3458338975906372,0.03281145604535665,0.07293373346328735,0.010396641433061871,20,0.9247068842315764,4,5,382,"{'model__max_depth': 20, 'model__max_features': np.float64(0.9247068842315764), 'model__min_samples_leaf': 4, 'model__min_samples_split': 5, 'model__n_estimators': 382}",-0.688816140324347,-0.6958752103169377,-0.6890327102856849,-0.6976874803561005,-0.6928528853207675,0.003981105531222943,14,-0.44452577363915585,-0.4425109379078593,-0.442293290365948,-0.4406444719643101,-0.44249361846931834,0.0013774458921526462
0.5286423563957214,0.012667430890053549,0.1166124939918518,0.010277011284097849,,0.6228957895919797,4,5,834,"{'model__max_depth': None, 'model__max_features': np.float64(0.6228957895919797), 'model__min_samples_leaf': 4, 'model__min_samples_split': 5, 'model__n_estimators': 834}",-0.6892280003636367,-0.6921267417744938,-0.6926438704407015,-0.697662769887156,-0.692915345616497,0.0030343923201412524,15,-0.4841415796156374,-0.48235505393086614,-0.4825027776108492,-0.48017542752597553,-0.48229370967083207,0.0014097176224261265
0.36596453189849854,0.04739182197872102,0.12800490856170654,0.032583285521705245,20,0.5508724804193886,4,3,371,"{'model__max_depth': 20, 'model__max_features': np.float64(0.5508724804193886), 'model__min_samples_leaf': 4, 'model__min_samples_split': 3, 'model__n_estimators': 371}",-0.689380653666192,-0.6916756305641044,-0.6951895277027238,-0.6977623688458844,-0.6935020451947261,0.003214016698845811,16,-0.5022292336434362,-0.5002787415775275,-0.5013280525330227,-0.49962728636812714,-0.5008658285305284,0.0009938790556217624
0.7126321792602539,0.03800116115782737,0.22987151145935059,0.02652869252632901,16,0.6603540951969396,4,9,854,"{'model__max_depth': 16, 'model__max_features': np.float64(0.6603540951969396), 'model__min_samples_leaf': 4, 'model__min_samples_split': 9, 'model__n_estimators': 854}",-0.6898614535254098,-0.6936702751908476,-0.6929406155329186,-0.6995960087548143,-0.6940170882509976,0.003523944053609405,17,-0.510154983430094,-0.5094121433791967,-0.5095600004201983,-0.5054490248467947,-0.5086440380190709,0.0018654783683176052
0.5460377335548401,0.030743503277429914,0.16475605964660645,0.009864866651259485,12,0.876323052848613,2,3,619,"{'model__max_depth': 12, 'model__max_features': np.float64(0.876323052848613), 'model__min_samples_leaf': 2, 'model__min_samples_split': 3, 'model__n_estimators': 619}",-0.691239129797362,-0.694412366962332,-0.6921292346353937,-0.7010343635682225,-0.6947037737408276,0.003833839287635497,18,-0.4549047459326629,-0.4648791629565476,-0.468750870718124,-0.4592711891813899,-0.46195149219718107,0.005283073478555584
0.6671408414840698,0.040148981929930945,0.2261616587638855,0.013238998496889188,12,0.8470993247467536,2,7,735,"{'model__max_depth': 12, 'model__max_features': np.float64(0.8470993247467536), 'model__min_samples_leaf': 2, 'model__min_samples_split': 7, 'model__n_estimators': 735}",-0.6911183560279485,-0.6951309270362019,-0.6929341298250185,-0.7007022008848992,-0.6949714034435169,0.003600831337136797,19,-0.49049887188113317,-0.496638796968827,-0.4981262648583289,-0.490199150429273,-0.49386577103439055,0.003557442797395061
0.5636593699455261,0.011268821937625137,0.1785159707069397,0.013173784800966528,12,0.6175375730453538,1,3,689,"{'model__max_depth': 12, 'model__max_features': np.float64(0.6175375730453538), 'model__min_samples_leaf': 1, 'model__min_samples_split': 3, 'model__n_estimators': 689}",-0.6916040931230335,-0.6922173338537233,-0.694620064462066,-0.702283981380285,-0.6951813682047769,0.004252780633220188,20,-0.47280197826349885,-0.4789788432086437,-0.4832524852645916,-0.4737725937598612,-0.47720147512414884,0.004209707859957448
0.6697216629981995,0.05124717095994362,0.2290140986442566,0.02502665989402676,16,0.5593633222488429,4,4,768,"{'model__max_depth': 16, 'model__max_features': np.float64(0.5593633222488429), 'model__min_samples_leaf': 4, 'model__min_samples_split': 4, 'model__n_estimators': 768}",-0.6907620812799996,-0.693901497123498,-0.6962526776711565,-0.700040010744081,-0.6952390667046837,0.0033878076147460393,21,-0.5215786669066248,-0.5206268311751223,-0.5206508573225556,-0.5176609746159955,-0.5201293325050744,0.0014758771915410031
0.6856604814529419,0.014591958210332039,0.21756672859191895,0.013349614411255317,12,0.6838357309701846,2,3,826,"{'model__max_depth': 12, 'model__max_features': np.float64(0.6838357309701846), 'model__min_samples_leaf': 2, 'model__min_samples_split': 3, 'model__n_estimators': 826}",-0.6925186975121833,-0.6941683683422544,-0.6941700174410242,-0.700273813929072,-0.6952827243061335,0.00295933799707691,22,-0.4790780741852192,-0.48593316767577627,-0.4906346754050456,-0.4802040261725833,-0.48396248585965607,0.004647181855025642
0.5392433404922485,0.012173954180373281,0.18966156244277954,0.015406066658033095,20,0.4748750089007959,4,6,687,"{'model__max_depth': 20, 'model__max_features': np.float64(0.4748750089007959), 'model__min_samples_leaf': 4, 'model__min_samples_split': 6, 'model__n_estimators': 687}",-0.6917046935573965,-0.6930625377642555,-0.6973348034261627,-0.7007485194486088,-0.6957126385491059,0.003573449752996684,23,-0.5253425173766249,-0.5220857715975459,-0.5228340056303598,-0.5200247709417521,-0.5225717663865707,0.001901920555698559
0.49124664068222046,0.035632051241001675,0.12880736589431763,0.04288426442605404,12,0.9718870454893334,4,7,591,"{'model__max_depth': 12, 'model__max_features': np.float64(0.9718870454893334), 'model__min_samples_leaf': 4, 'model__min_samples_split': 7, 'model__n_estimators': 591}",-0.693390825869309,-0.7001277825382527,-0.694738053139632,-0.7038944154347518,-0.6980377692454864,0.004217542805675219,24,-0.5265417671809575,-0.5289565243869406,-0.5306871061162729,-0.5242881457880243,-0.5276183858680488,0.002421635059500011
0.4991905689239502,0.01022302281541074,0.11813807487487793,0.0007292575260159747,12,0.46398051970925236,1,4,924,"{'model__max_depth': 12, 'model__max_features': np.float64(0.46398051970925236), 'model__min_samples_leaf': 1, 'model__min_samples_split': 4, 'model__n_estimators': 924}",-0.6942271309754926,-0.6946360864380164,-0.7010147363652862,-0.7060921804192054,-0.6989925335495002,0.004903620678391663,25,-0.5223532426031665,-0.5237599697016392,-0.529076143397062,-0.5208261449063375,-0.5240038751520514,0.003106845359204687
0.4160844087600708,0.00995629941134192,0.10536783933639526,0.00926181698222333,12,0.5797917058619257,2,8,742,"{'model__max_depth': 12, 'model__max_features': np.float64(0.5797917058619257), 'model__min_samples_leaf': 2, 'model__min_samples_split': 8, 'model__n_estimators': 742}",-0.69512062063933,-0.6960267069698853,-0.7009110850784136,-0.7050805230225249,-0.6992847339275385,0.0040059570776952045,26,-0.5486748404559988,-0.5496823090511888,-0.5521464061823146,-0.547654299892433,-0.5495394638954838,0.0016671809916653031
0.37405163049697876,0.0066095635567686006,0.12918543815612793,0.011829508974119787,12,0.5357969861849115,3,4,437,"{'model__max_depth': 12, 'model__max_features': np.float64(0.5357969861849115), 'model__min_samples_leaf': 3, 'model__min_samples_split': 4, 'model__n_estimators': 437}",-0.6959059147101229,-0.6975765857144856,-0.7012328022064539,-0.7051776922776549,-0.6999732487271793,0.003569310410988331,27,-0.5533511342368266,-0.5555219446513986,-0.5585976314196799,-0.5502290102653626,-0.554424930143317,0.003056699937993181
0.5087808966636658,0.08363299423297406,0.1776576042175293,0.03533370672321631,12,0.4756661147674885,4,9,539,"{'model__max_depth': 12, 'model__max_features': np.float64(0.4756661147674885), 'model__min_samples_leaf': 4, 'model__min_samples_split': 9, 'model__n_estimators': 539}",-0.7023580941838456,-0.7038058236334457,-0.7088977028401128,-0.7110824878954645,-0.7065360271382171,0.003576204429517551,28,-0.605833072881756,-0.6041878691472146,-0.6066625033030894,-0.6007706354984105,-0.6043635202076176,0.0022574644052568886
